{
  "created_at": "2026-05-27T14:36:06+00:00",
  "per_case_full_forward_effect_pass": true,
  "case_count": 4,
  "effect_values": [
    0.05797449126839638,
    0.049814753234386444,
    0.06700830906629562,
    0.029895640909671783
  ],
  "grad_values": [
    1.2041353329550475e-05,
    1.2851761312049348e-05,
    1.4694011042593047e-05,
    1.0031408237409778e-05
  ],
  "effects_case_specific": true,
  "v930_single_smoke_reuse_rejected": true,
  "failures": []
}
