{
  "active_candidate": "V50R_rebuilt_after_artifact_loss",
  "blockers": [],
  "candidate_readable": true,
  "created_utc": "2026-05-08T21:10:56Z",
  "decision": "Active candidate baseline replay completed without modifying frozen candidate.",
  "hash_invariant_pass": true,
  "manifest_consistent": true,
  "original_v50_recovered": false,
  "stats": {
    "candidate_confidence_from_v42.npz": {
      "arrays": {
        "frame0000_depth_conf": {
          "dtype": "float32",
          "finite_ratio": 1.0,
          "max": 10.874534606933594,
          "mean": 4.110232211170528,
          "min": 1.0,
          "nonzero_ratio": 1.0,
          "shape": [
            12,
            518,
            518
          ]
        },
        "frame0000_normal_conf": {
          "dtype": "float32",
          "finite_ratio": 1.0,
          "max": 0.5021443367004395,
          "mean": 0.49860705939708067,
          "min": 0.49077466130256653,
          "nonzero_ratio": 1.0,
          "shape": [
            12,
            518,
            518
          ]
        },
        "frame0000_world_points_conf": {
          "dtype": "float32",
          "finite_ratio": 1.0,
          "max": 8.671518325805664,
          "mean": 2.020899022713745,
          "min": 1.0,
          "nonzero_ratio": 1.0,
          "shape": [
            12,
            518,
            518
          ]
        },
        "frame0001_depth_conf": {
          "dtype": "float32",
          "finite_ratio": 1.0,
          "max": 10.726115226745605,
          "mean": 4.158409657474269,
          "min": 1.0,
          "nonzero_ratio": 1.0,
          "shape": [
            12,
            518,
            518
          ]
        },
        "frame0001_normal_conf": {
          "dtype": "float32",
          "finite_ratio": 1.0,
          "max": 0.5021505355834961,
          "mean": 0.4986115604299314,
          "min": 0.4907708168029785,
          "nonzero_ratio": 1.0,
          "shape": [
            12,
            518,
            518
          ]
        },
        "frame0001_world_points_conf": {
          "dtype": "float32",
          "finite_ratio": 1.0,
          "max": 8.692237854003906,
          "mean": 2.0186166875336675,
          "min": 1.0,
          "nonzero_ratio": 1.0,
          "shape": [
            12,
            518,
            518
          ]
        },
        "frame0002_depth_conf": {
          "dtype": "float32",
          "finite_ratio": 1.0,
          "max": 11.47301197052002,
          "mean": 4.3030080536110304,
          "min": 1.0,
          "nonzero_ratio": 1.0,
          "shape": [
            12,
            518,
            518
          ]
        },
        "frame0002_normal_conf": {
          "dtype": "float32",
          "finite_ratio": 1.0,
          "max": 0.5021608471870422,
          "mean": 0.49860073393738114,
          "min": 0.4907587468624115,
          "nonzero_ratio": 1.0,
          "shape": [
            12,
            518,
            518
          ]
        },
        "frame0002_world_points_conf": {
          "dtype": "float32",
          "finite_ratio": 1.0,
          "max": 8.937601089477539,
          "mean": 2.0697430070273857,
          "min": 1.0,
          "nonzero_ratio": 1.0,
          "shape": [
            12,
            518,
            518
          ]
        },
        "frame_keys": {
          "dtype": "<U9",
          "shape": [
            3
          ]
        },
        "normal_available": {
          "dtype": "bool",
          "finite_ratio": 1.0,
          "max": 1.0,
          "mean": 1.0,
          "min": 1.0,
          "nonzero_ratio": 1.0,
          "shape": []
        }
      },
      "exists": true,
      "path": "output/frozen_candidates/V50R_rebuilt_after_artifact_loss/package_files/candidate_confidence_from_v42.npz",
      "size": 85602711
    },
    "candidate_depths_from_v42.npz": {
      "arrays": {
        "frame0000": {
          "dtype": "float32",
          "finite_ratio": 1.0,
          "max": 1.476786494255066,
          "mean": 1.0508145003645046,
          "min": 0.41003546118736267,
          "nonzero_ratio": 1.0,
          "shape": [
            12,
            518,
            518,
            1
          ]
        },
        "frame0001": {
          "dtype": "float32",
          "finite_ratio": 1.0,
          "max": 1.4722163677215576,
          "mean": 1.0508456908638153,
          "min": 0.4136143624782562,
          "nonzero_ratio": 1.0,
          "shape": [
            12,
            518,
            518,
            1
          ]
        },
        "frame0002": {
          "dtype": "float32",
          "finite_ratio": 1.0,
          "max": 1.5268194675445557,
          "mean": 1.0535392772494565,
          "min": 0.4148617684841156,
          "nonzero_ratio": 1.0,
          "shape": [
            12,
            518,
            518,
            1
          ]
        },
        "frame_keys": {
          "dtype": "<U9",
          "shape": [
            3
          ]
        }
      },
      "exists": true,
      "path": "output/frozen_candidates/V50R_rebuilt_after_artifact_loss/package_files/candidate_depths_from_v42.npz",
      "size": 30775206
    },
    "candidate_normals_from_v42.npz": {
      "arrays": {
        "frame0000": {
          "dtype": "float32",
          "finite_ratio": 1.0,
          "max": 0.9301949739456177,
          "mean": 0.1580507088178399,
          "min": -0.6274083852767944,
          "nonzero_ratio": 1.0,
          "shape": [
            12,
            518,
            518,
            3
          ]
        },
        "frame0001": {
          "dtype": "float32",
          "finite_ratio": 1.0,
          "max": 0.9300981760025024,
          "mean": 0.15796592557224587,
          "min": -0.6268116235733032,
          "nonzero_ratio": 1.0,
          "shape": [
            12,
            518,
            518,
            3
          ]
        },
        "frame0002": {
          "dtype": "float32",
          "finite_ratio": 1.0,
          "max": 0.9305212497711182,
          "mean": 0.1581294332343182,
          "min": -0.6264513731002808,
          "nonzero_ratio": 1.0,
          "shape": [
            12,
            518,
            518,
            3
          ]
        },
        "frame_keys": {
          "dtype": "<U9",
          "shape": [
            3
          ]
        },
        "normal_available": {
          "dtype": "bool",
          "finite_ratio": 1.0,
          "max": 1.0,
          "mean": 1.0,
          "min": 1.0,
          "nonzero_ratio": 1.0,
          "shape": []
        }
      },
      "exists": true,
      "path": "output/frozen_candidates/V50R_rebuilt_after_artifact_loss/package_files/candidate_normals_from_v42.npz",
      "size": 100071633
    },
    "candidate_points_from_v42.npz": {
      "arrays": {
        "frame0000": {
          "dtype": "float32",
          "finite_ratio": 1.0,
          "max": 1.4767510890960693,
          "mean": 0.29981732447609044,
          "min": -0.7733497023582458,
          "nonzero_ratio": 1.0,
          "shape": [
            12,
            518,
            518,
            3
          ]
        },
        "frame0000_extrinsic": {
          "dtype": "float32",
          "finite_ratio": 1.0,
          "max": 1.3775944709777832,
          "mean": 0.15440594221265908,
          "min": -0.9871282577514648,
          "nonzero_ratio": 1.0,
          "shape": [
            12,
            3,
            4
          ]
        },
        "frame0000_intrinsic": {
          "dtype": "float32",
          "finite_ratio": 1.0,
          "max": 541.0394287109375,
          "mean": 174.24826304117838,
          "min": 0.0,
          "nonzero_ratio": 0.5555555555555556,
          "shape": [
            12,
            3,
            3
          ]
        },
        "frame0000_pose_enc": {
          "dtype": "float32",
          "finite_ratio": 1.0,
          "max": 1.3775944709777832,
          "mean": 0.2806661899519693,